,layoffs,ai,laid,employees,layoff,company,jobs,cuts,mass,workers,tech,job,like,companies,year,people,ceo,says,new,cut,meta,us,work,microsoft,years,staff,hit,said,massive,amazon
layoffs,0,100,7,34,3,39,39,39,38,22,27,25,22,21,13,13,24,18,22,23,21,17,15,19,11,14,21,14,15,16
ai,100,0,22,6,10,15,18,8,10,13,13,12,12,16,6,11,6,9,11,7,11,6,11,6,7,10,6,6,4,5
laid,7,22,0,14,2,11,7,5,1,11,6,9,6,6,11,13,5,4,2,0,5,6,7,3,5,6,3,3,1,2
employees,34,6,14,0,3,9,3,8,1,6,2,2,4,2,4,3,9,3,0,2,1,5,4,1,1,2,3,7,3,4
layoff,3,10,2,3,0,7,7,3,4,4,4,4,3,2,2,4,2,5,6,4,0,2,4,4,6,2,0,2,5,3
company,39,15,11,9,7,0,10,7,8,6,4,5,7,5,10,8,4,3,4,6,6,3,8,1,7,4,3,4,4,3
jobs,39,18,7,3,7,10,0,8,2,6,5,6,2,4,5,6,4,3,6,15,3,4,5,3,4,3,2,6,1,6
cuts,39,8,5,8,3,7,8,0,2,2,3,16,2,4,2,1,5,3,4,1,1,4,0,3,4,3,3,2,2,4
mass,38,10,1,1,4,8,2,2,0,2,4,1,4,2,3,1,1,1,3,2,1,1,3,2,1,0,1,0,0,0
workers,22,13,11,6,4,6,6,2,2,0,3,5,4,4,3,1,0,4,4,4,3,4,5,4,2,1,3,4,2,2
tech,27,13,6,2,4,4,5,3,4,3,0,8,2,7,4,4,0,1,3,1,3,2,3,3,2,1,2,1,1,0
job,25,12,9,2,4,5,6,16,1,5,8,0,4,7,5,4,1,0,4,2,2,2,2,3,2,1,0,3,2,2
like,22,12,6,4,3,7,2,2,4,4,2,4,0,4,3,4,3,1,3,3,1,4,6,2,0,2,1,3,4,3
companies,21,16,6,2,2,5,4,4,2,4,7,7,4,0,4,3,0,2,3,1,1,1,2,1,3,1,1,0,2,1
year,13,6,11,4,2,10,5,2,3,3,4,5,3,4,0,6,1,3,2,2,3,2,4,0,3,0,1,2,1,0
people,13,11,13,3,4,8,6,1,1,1,4,4,4,3,6,0,1,1,1,0,3,1,2,1,2,0,0,1,3,1
ceo,24,6,5,9,2,4,4,5,1,0,0,1,3,0,1,1,0,10,2,4,0,0,2,1,3,4,0,3,2,0
says,18,9,4,3,5,3,3,3,1,4,1,0,1,2,3,1,10,0,4,2,0,2,2,2,5,2,0,0,0,2
new,22,11,2,0,6,4,6,4,3,4,3,4,3,3,2,1,2,4,0,3,0,1,4,2,2,2,0,0,1,1
cut,23,7,0,2,4,6,15,1,2,4,1,2,3,1,2,0,4,2,3,0,1,2,4,1,1,1,0,4,2,4
meta,21,11,5,1,0,6,3,1,1,3,3,2,1,1,3,3,0,0,0,1,0,0,0,1,0,1,1,1,1,0
us,17,6,6,5,2,3,4,4,1,4,2,2,4,1,2,1,0,2,1,2,0,0,2,0,1,1,1,3,0,2
work,15,11,7,4,4,8,5,0,3,5,3,2,6,2,4,2,2,2,4,4,0,2,0,0,1,3,2,1,2,1
microsoft,19,6,3,1,4,1,3,3,2,4,3,3,2,1,0,1,1,2,2,1,1,0,0,0,3,0,5,0,1,1
years,11,7,5,1,6,7,4,4,1,2,2,2,0,3,3,2,3,5,2,1,0,1,1,3,0,4,3,1,1,1
staff,14,10,6,2,2,4,3,3,0,1,1,1,2,1,0,0,4,2,2,1,1,1,3,0,4,0,0,3,0,1
hit,21,6,3,3,0,3,2,3,1,3,2,0,1,1,1,0,0,0,0,0,1,1,2,5,3,0,0,0,0,1
said,14,6,3,7,2,4,6,2,0,4,1,3,3,0,2,1,3,0,0,4,1,3,1,0,1,3,0,0,0,1
massive,15,4,1,3,5,4,1,2,0,2,1,2,4,2,1,3,2,0,1,2,1,0,2,1,1,0,0,0,0,0
amazon,16,5,2,4,3,3,6,4,0,2,0,2,3,1,0,1,0,2,1,4,0,2,1,1,1,1,1,1,0,0
