label,subreddit,keyword_context
personal_experience,r/layoffs,Its hard and just comes in waves just like depression.... been Laid off 2 times from my best jobs. I carry it with me and dont think it will go away.
personal_experience,r/careeradvice,I thought I could take up a side gig or something and make extra money which I did too in the month of January 2026. It was also in sales so I was working extremely hard to balance it out but the product wasnt working well which is why they had to layoff all the people in sales. Now I do have the full time job but feeling directionless in life.
personal_experience,r/cscareerquestions,Layoffs still happen even when you're part of a union. A QA team in AAA gaming is unionized and they've lost members during cuts.
personal_experience,r/layoffs,Lots of layoffs at insurance companies who are finance people.... Jobs being outsourced overseas
personal_experience,r/cscareerquestions,"One is a SWE position, and one is a data science/data engineering/AI related position. All my previous professional experience from internships is much more SWE focused, and I think I probably would enjoy the work more in a SWE role, but I have concerns about the viability of SWE as a career with all of the layoffs and the rising capability of AI coding agents. I know it is not likely that AI makes SWE careers obsolete, but even a relatively small chance of something like that could move the needle toward the other position, especially as a new hire would likely be the most replaceable."
personal_experience,r/layoffs,My company did something like this too. Laid off 16% of the company then double executive compensation. Now we all work like slaves and there is never money to hire more people or give us raises but executives just keep making more and more...
personal_experience,r/careeradvice,"I was surprised to find others I worked with were not considering looking at all. It is a lot easier to find a job when you have one rather than competing with your peers that have the same skills, applying for the same jobs, after a mass layoff. If you trust the new company is in a better financial situation and didn't raise any red flags during the interview process, I'd jump ship."
personal_experience,r/cscareerquestions,"Software Development Job Postings highest in two years, how does this make sense with all the layoffs? Came across this today: [Software Development Job Postings on Indeed in the United States]( And it shows that the last time it was this high was almost exactly 2 years ago."
personal_experience,r/careeradvice,Afraid of lay off early in my career 23 y/o Software Engineer with 2 internships + 1 year of experience afraid of being laid off. Within this period I commuted to work from home and paid off all debt.
personal_experience,r/cscareerquestions,Thats how I viewed it before switching. Sure I may get laid off but every 1 year I survive in big tech is 8.5 years at my old job.
personal_experience,r/layoffs,"Riot Games is laying off half of the 2XKO development team Another day, another wave of gaming layoffs. Today it's Riot Games with the announcement that it's cutting jobs on its pair-based fighting game 2XKO."
personal_experience,r/careeradvice,"I don't have a clear ""dream job"" and honestly every time I try to research options, I spiral. Layoffs everywhere, entry level jobs requiring years of experience, AI disrupting whole industries, it makes committing to any path feel terrifying. I'm scared of investing years into something only to find it's obsolete or impossible to break into."
personal_experience,r/careeradvice,honestly it makes sense you feel burned out that field can take a lot out of you especialy with layoffs and instability on top of a long commute. one thing i would say is you are not startting from zero at all.
personal_experience,r/layoffs,"Im in the same boat , I got laid off in February. Started a new job last week."
personal_experience,r/layoffs,"Ive been laid off 3 times and this was the worst handled by far I was the lead designer in a 2 person design team, reporting to the marketing head. About 5 to 6 months ago, my manager pulled me aside and said the company wasnt doing well financially, so they were thinking of laying off my junior and hiring an overseas designer that I would manage."
media_public,r/news,"Before Recent Wave of Train Cargo Thefts, Union Pacific Laid Off Unspecified Number of Its Railroad Police Force"
media_public,r/news,"Tech, oil explorations, etc. that are all looking at major layoffs of like round 3 and 4 right now. While some are looking at closing their doors by the end of 2021 because while stuff is opened back up, people requesting new projects and such are still way down and dont appear to be going back up anytime soon."
media_public,r/business,"Elon's inner circle has done this several times in the last 20 years with varying levels of success. You would think in a company that every single employee had something important to do and offload before the mass layoffs, which was considered in the book but ultimately we know now to not be true in this case. At the end of the day, regardless of your political ideology regarding Musk, Twitter now runs with massively reduced operating expenses."
media_public,r/technology,"Meta targeted older workers in layoffs, lawsuit by former senior director for company claims"
media_public,r/business,Teslas Layoffs Wont Solve Its Growing Pains
media_public,r/technology,Can we stop pretending that all these massive layoffs are due to positions being replaced by AI? Layoffs is tried and true way to pump stock prices (FB is up 3% since they announcement).
media_public,r/news,"For bringing jobs back to America, there have been an awful lot of Americans laid off recently."
media_public,r/technology,"Layoffs plus expensive security sends the wrong message to employees. If CBS wants morale, transparency on why this is necessary would help."
media_public,r/technology,2500 ppl employed at our location. GE bought us and 24hrs later ..2300 were laid off
media_public,r/technology,Most people arent fretting about an AI bubble. What they fear is mass layoffs.
media_public,r/business,Layoff baby layoffs. -Thank you Donald Trump
media_public,r/technology,"Salesforce CEO confirms 4,000 layoffs because I need less heads' with AI"
media_public,r/technology,Is AI Really Behind the Tech Layoff Wave? Benioff Says No
media_public,r/technology,"Microsoft will cut nearly 2,000 jobs in Washington state as part of broader layoffs"
media_public,r/technology,"Meta laid off staff on disinformation teams responsible for election safety, report says"
worker_perspective,r/jobs,Got laid off 5 weeks ago. Built a free tool because every job board kept showing me the same customer support roles I never wanted.
worker_perspective,r/antiwork,"Should I stay in remote role with high workload or take in person university job that is more stable? Im currently in a fully remote cloud migrations role making about $100k, juggling 28 client-facing migration projects at a time plus added goals like certifications, 80 hours of linkedinlearning video courses, scripting, support tickets, and presentations, all while the company has had layoffs for three consecutive years and a shrinking team. One coworker recently left to go to another internal department."
worker_perspective,r/antiwork,"Everyone knows what return to office means. Layoffs, or attempts. Pffff"
worker_perspective,r/WorkReform,"Elon Musk says Americans are ""too retarded"" for skilled jobs. Musk is calling for mass layoffs in both public and private workforce uncapping the limits on immigrant workers."
worker_perspective,r/antiwork,Laid off after multiple years of dealing with disorganization Im trying to sanity check this because the whole situation feels... off.
worker_perspective,r/WorkReform,"How Much of a Raise Should I Ask For If I Decide to Stay On After Being Let Go Due to Workforce Reductions? My company recently experienced a second round of layoffs this year (January and August), resulting in a significant reduction in my team. I am currently the only remaining member of the facilities team and the lowest-paid employee at $33 per hour."
worker_perspective,r/jobs,"Furloughed for lack of work. Now officially laid off. I worked in Data Entry for 7 years, being the reconciliation, IT help, ect."
worker_perspective,r/antiwork,I have worked at this mortgage company call center for 9 years. I was almost laid off and Ive been in a new department for 3 weeks and I hate it. Ive been crying at my desk for the past couple of days because I cant get it.
worker_perspective,r/WorkReform,"you wont hear anyone in Washington piping up about it though.** **here lets keep it simple. This employee is supposed to be making $10 dollars more an hour, but his jobs average pay has stagnated for decades because of layoffs or discharging or just a"
worker_perspective,r/antiwork,Companies are really good about covering their asses. Theyll literally throw one white guy in the layoffs to prevent any kind of discrimination claim.
worker_perspective,r/jobs,"Potentially receiving 3 offers over the course of 1.5 weeks, have no clue how best to handle the process and need help! I got laid off recently as part of a company wide RIF. Somehow, after immediately reaching out to my network, I ended up interviewing with multiple different companies."
worker_perspective,r/WorkReform,Sure would be a SHAME if the laid off guys know when and where the party is to be held. Somehow.
worker_perspective,r/antiwork,"Quiet Quitting 2 - AI Boogaloo I (like I'm sure a progressively large number of you) work for an employer that has used the perceived productivity gains acheivable from the corporate roll out of AI tools as the rationale to conduct mass layoffs. I (like I'm sure a progressively large number of you) find that I'm, in no way, shape or form, more productive when using AI."
worker_perspective,r/WorkReform,"Its family owned and the owner left for two months with no notice and I was expected to pick up the pieces and keep the company going. Fast forward, the company is not doing well and they laid off my other office employee so I have picked up their tasks as well, and they also reduced me to 28 hours from 40 due to it being ""slow"". Well, I made a mistake."
worker_perspective,r/antiwork,"In the fall of 2022, he acquired Twitter and fired 80% of employees and ended WFH for the remaining people (many of whom were H1Bs and couldnt quit). This was the start of the rampant layoff cycle weve seen repeating over the past 3 years across all companies. Then, he forced those remaining engineers to work long hours covering the work of multiple people."
