cluster,rank,subreddit,label,text_clean,window
0,1,r/news,media_public,Bitch who raised her salary to 20+ million is calling for more layoffs,Bitch who raised her salary to 20+ million is calling for more layoffs
0,2,r/business,media_public,"New York's scenario, with 5,951 layoffs on the horizon, presents the same broad-based job cuts. From the banking sector, including Citigroup, which is laying off upward of 310 employees... Finance bros sweating right now.","New York's scenario, with 5,951 layoffs on the horizon, presents the same broad-based job cuts. From the banking sector, including Citigroup, which is laying off upward of 310 employees... Finance bros sweating right now."
0,3,r/business,media_public,Real Headline: Awful executive decisions lead to over spending in AI. Workers laid off to cover for their mistakes. AI should be replacing executives.,Real Headline: Awful executive decisions lead to over spending in AI. Workers laid off to cover for their mistakes. AI should be replacing executives.
1,1,r/antiwork,worker_perspective,"How to only care about the paycheck?? So I live in Silicon Valley, but Im not a tech bro just a girl trying to live in the world????? Anyway, I got laid off in 2022, 2024 and then I got straight up fired in 2025. Its been rough. Im an admin assistant, but I kind of hate it and I dont think Im very good at it. I have to believe theres some reason that I was laid off twice and fired once from doing the same job, thats somethings trying to tell me this isnt the career path for me. The problem is my resume doesnt really work for anything else. I think companies see admin assistant five times on my resume and just go yeah weve got an admin role open even if Ive retooled it to be an event specialist or something. Im interviewing with this company now thats basically a carbon copy of the one I got fired from last year. Im genuinely so unbelievably unenthused. I have spent my entire period of unemployment wishing I never had to work again. To go back to a company that is the same, to do a job that is the same.... I just feel like Im gonna end up fired again. The one saving grace is that I asked for $60 an hour and they said sure we can do that and ya girl desperately needs a paycheck. I dont know how to care about only the paycheck and not about the soul drainingness of working in a field, in job area that I do not care about and dont want to do.","How to only care about the paycheck?? So I live in Silicon Valley, but Im not a tech bro just a girl trying to live in the world????? Anyway, I got laid off in 2022, 2024 and then I got straight up fired in 2025. Its been rough. Im an admin assistant, but I kind of hate it and I dont think Im very good at it."
1,2,r/layoffs,personal_experience,"I'm scared Laid off in October, I am applying, finally getting interviews, one for a huge cut but I still hope I get it. I dont have guranteed support system. I cant find many jobs that fit my skill set my last job gave me, it was a mix of skills so jobs dont think Im strong enough in anything I think, even when I tailor my resume for their position. I have used different job boards, tried networking. I just am hitting the wall many are, with maybe 2 YoE and the only thing I have is pulling from retirement. A part time job wont help me, it wont cover rent. It's a scary situation. I just hope to be out of it soon... Def gonna be careful to save more money I had like 3 months wortgh in savings... sigh I feel like an idiot buying anything nice for myself which I shouldnt feel but I do. Just hope to get out of this soon. I am constantly plagued with wishing I knew what one trick or different approach I need to implement to finally get aheafd, find more jobs to apply to, all of that. Just seems all I can do is apply, it just ducks. Im trying to feel OK but I know I gotta take this super seriously.","I'm scared Laid off in October, I am applying, finally getting interviews, one for a huge cut but I still hope I get it. I dont have guranteed support system. I cant find many jobs that fit my skill set my last job gave me, it was a mix of skills so jobs dont think Im strong enough in anything I think, even when I tailor my resume for their position."
1,3,r/cscareerquestions,personal_experience,"Considering switching industries Ive been laid off and unemployed for coming up to a year now. I have three years experience as a SWE and I just got my most recent rejection for a DevRel role (starting to branch out a bit). Pretty sure I bombed another interview just today, and I have another tomorrow that I dont feel confident about. Im wondering if anyone else is seriously considering jumping ship. With offshoring and AI, it seems the American job market in tech is permanently decimated. Theres just too little jobs and too many people desperately competing. Ive been through three final rounds now, plus some failed tech screens, and Im just so tired. The interviewing process feels like finals week each and every time. I prepare, I hunker down, I limit my life to cramming, but so much of the interview process is also just chance. Ive done amazingly at some interviews and not so much in others. Then if I do get a job, whos to say I dont get laid off again? I know other industries are rough right now, but at some point I need to pay rent. Im thinking of trying for a technical role at a hospital of some sort or something where I only need an associates. Has anyone pivoted?","Considering switching industries Ive been laid off and unemployed for coming up to a year now. I have three years experience as a SWE and I just got my most recent rejection for a DevRel role (starting to branch out a bit). Pretty sure I bombed another interview just today, and I have another tomorrow that I dont feel confident about."
2,1,r/layoffs,personal_experience,"Got laid off today. How do I position myself? I knew it was coming, and the manager said it's completely due to company headcount reduction and no other reason and that they are sad it happened and provided me an LOR right after. HR said they will say it's voluntary in background verification. What does that mean for me? How to articulate this in my interviews? Also, is anyone here hiring : )","Got laid off today. How do I position myself? I knew it was coming, and the manager said it's completely due to company headcount reduction and no other reason and that they are sad it happened and provided me an LOR right after."
2,2,r/careeradvice,personal_experience,"I found myself in this predicament. I hit the market hard and started a new job. I was surprised to find others I worked with were not considering looking at all. It is a lot easier to find a job when you have one rather than competing with your peers that have the same skills, applying for the same jobs, after a mass layoff. If you trust the new company is in a better financial situation and didn't raise any red flags during the interview process, I'd jump ship.","I hit the market hard and started a new job. I was surprised to find others I worked with were not considering looking at all. It is a lot easier to find a job when you have one rather than competing with your peers that have the same skills, applying for the same jobs, after a mass layoff. If you trust the new company is in a better financial situation and didn't raise any red flags during the interview process, I'd jump ship."
2,3,r/cscareerquestions,personal_experience,"Did I job hop too much? First job out of school. Front end dev, 1.5 years. Second job. Software dev, 3 years. Third job (current). 1.7 years. I am happy at my current role, however a few weeks ago they did their second round of layoffs in 8 months. My manager was affected. On top of this, most of the applications I work on are supposed to be decommissioned over the next year. My team has expressed our concerns regarding future employment if our applications go away. Senior leaders have told us that we will be fine, but when dont trust them. Granted the current situation, I feel I have to now job hop either know I really dont want to. I am concerned Ive hoped too much and its a problem. Any thoughts?","Third job (current). 1.7 years. I am happy at my current role, however a few weeks ago they did their second round of layoffs in 8 months. My manager was affected. On top of this, most of the applications I work on are supposed to be decommissioned over the next year."
